,Arquivo,Número de variáveis,Quantidade de produtos,Algoritmo,Tempo de execução,É ótimo,Melhor Valor,Elementos melhor valor,BitMask melhor valor,Lower bound residual
0,instancias/bqp50-1.txt,50,158,Brute force,60.00006103515625,False,-1330.0,"[49, 44, 43, 42, 41, 39, 38, 34, 33, 32, 31]",0b1000011110110001111000000000000000000000000000000,-342.0
1,instancias/bqp50-1.txt,50,158,B&B FIFO,60.000079870224,False,inf,[],,-4640.0
2,instancias/bqp50-1.txt,50,158,B&B LIFO,60.00009727478027,False,-1711.0,"[49, 44, 43, 42, 41, 39, 38, 33, 32, 31, 25, 24, 23, 20]",0b1000011110110000111000001110010000000000000000000,-1662.0
3,instancias/bqp50-1.txt,50,158,B&B LC,60.000022172927856,False,inf,[],,-4402.0
4,instancias/bqp500-10.txt,500,12908,Brute force,60.00180625915527,False,-2622.0,"[499, 498, 497, 496, 493, 492, 488, 487]",0b1111001100011000000000000000000000000000000000000000000000000000000000000000000000000000000000000000000000000000000000000000000000000000000000000000000000000000000000000000000000000000000000000000000000000000000000000000000000000000000000000000000000000000000000000000000000000000000000000000000000000000000000000000000000000000000000000000000000000000000000000000000000000000000000000000000000000000000000000000000000000000000000000000000000000000000000000000000000000000000000000000000000000000000,-1288.0
5,instancias/bqp500-10.txt,500,12908,B&B FIFO,60.00134491920471,False,inf,[],,-673465.0
6,instancias/bqp500-10.txt,500,12908,B&B LIFO,60.00193524360657,False,-7370.0,"[499, 498, 497, 496, 493, 488, 487, 486, 485, 484, 481, 479, 477, 476, 475, 474, 473, 470, 469, 468, 467, 466]",0b1111001000011111001010111110011111000000000000000000000000000000000000000000000000000000000000000000000000000000000000000000000000000000000000000000000000000000000000000000000000000000000000000000000000000000000000000000000000000000000000000000000000000000000000000000000000000000000000000000000000000000000000000000000000000000000000000000000000000000000000000000000000000000000000000000000000000000000000000000000000000000000000000000000000000000000000000000000000000000000000000000000000000000000,-6832.0
7,instancias/bqp500-10.txt,500,12908,B&B LC,60.00568985939026,False,inf,[],,-672821.0
8,instancias/nl01-46.txt,30,336,Brute force,60.000038385391235,False,-62.0,"[26, 14]",0b10000000000010000000000000,1043.0
9,instancias/nl01-46.txt,30,336,B&B FIFO,60.0001380443573,False,inf,[],,2504.0
10,instancias/nl01-46.txt,30,336,B&B LIFO,1.7038567066192627,True,-62.0,"[26, 14]",0b10000000000010000000000000,-57.0
11,instancias/nl01-46.txt,30,336,B&B LC,1.7313075065612793,True,-62.0,"[26, 14]",0b10000000000010000000000000,-62.0
12,instancias/bqp100-7.txt,100,567,Brute force,60.000051736831665,False,-1356.0,"[98, 96, 93, 92, 89, 87, 86]",0b10100110010110000000000000000000000000000000000000000000000000000000000000000000000000000000000000,-151.0
13,instancias/bqp100-7.txt,100,567,B&B FIFO,60.00014662742615,False,inf,[],,-22490.0
14,instancias/bqp100-7.txt,100,567,B&B LIFO,60.000147581100464,False,-1925.0,"[98, 96, 93, 92, 89, 87, 86, 81, 77, 76, 74]",0b10100110010110000100011010000000000000000000000000000000000000000000000000000000000000000000000000,-1741.0
15,instancias/bqp100-7.txt,100,567,B&B LC,60.000404596328735,False,inf,[],,-22330.0
16,instancias/bqp500-8.txt,500,12776,Brute force,60.00004720687866,False,-1677.0,"[499, 496, 494, 491, 488, 487]",0b1001010010011000000000000000000000000000000000000000000000000000000000000000000000000000000000000000000000000000000000000000000000000000000000000000000000000000000000000000000000000000000000000000000000000000000000000000000000000000000000000000000000000000000000000000000000000000000000000000000000000000000000000000000000000000000000000000000000000000000000000000000000000000000000000000000000000000000000000000000000000000000000000000000000000000000000000000000000000000000000000000000000000000000,-890.0
17,instancias/bqp500-8.txt,500,12776,B&B FIFO,60.005351066589355,False,inf,[],,-652280.0
18,instancias/bqp500-8.txt,500,12776,B&B LIFO,60.002477407455444,False,-5686.0,"[499, 496, 494, 492, 491, 487, 485, 484, 482, 481, 480, 479, 472, 471, 468, 466, 462, 459]",0b1001010110001011011110000001100101000100100000000000000000000000000000000000000000000000000000000000000000000000000000000000000000000000000000000000000000000000000000000000000000000000000000000000000000000000000000000000000000000000000000000000000000000000000000000000000000000000000000000000000000000000000000000000000000000000000000000000000000000000000000000000000000000000000000000000000000000000000000000000000000000000000000000000000000000000000000000000000000000000000000000000000000000000000,-7294.0
19,instancias/bqp500-8.txt,500,12776,B&B LC,60.00253701210022,False,inf,[],,-652627.0
20,instancias/bqp50-7.txt,50,174,Brute force,60.000038862228394,False,-575.0,"[46, 43, 42, 40, 34, 33]",0b1001101000001100000000000000000000000000000000,112.0
21,instancias/bqp50-7.txt,50,174,B&B FIFO,60.000046253204346,False,inf,[],,-3689.0
22,instancias/bqp50-7.txt,50,174,B&B LIFO,60.00010561943054,False,-1404.0,"[47, 46, 43, 42, 39, 34, 33, 32, 28, 27, 24, 23, 19, 18, 14, 13]",0b11001100100001110001100110001100011000000000000,-1462.0
23,instancias/bqp50-7.txt,50,174,B&B LC,60.0000958442688,False,inf,[],,-3564.0
24,instancias/bqp250-1.txt,250,3339,Brute force,60.00025677680969,False,-1982.0,"[250, 247, 246, 245, 241, 239, 238, 237, 236]",0b1001110001011110000000000000000000000000000000000000000000000000000000000000000000000000000000000000000000000000000000000000000000000000000000000000000000000000000000000000000000000000000000000000000000000000000000000000000000000000000000000000000000,-664.0
25,instancias/bqp250-1.txt,250,3339,B&B FIFO,60.001375913619995,False,inf,[],,-167404.0
26,instancias/bqp250-1.txt,250,3339,B&B LIFO,60.00081539154053,False,-4853.0,"[250, 247, 246, 245, 241, 239, 238, 236, 234, 231, 225, 223, 221, 217]",0b1001110001011010100100000101010001000000000000000000000000000000000000000000000000000000000000000000000000000000000000000000000000000000000000000000000000000000000000000000000000000000000000000000000000000000000000000000000000000000000000000000000000,-4628.0
27,instancias/bqp250-1.txt,250,3339,B&B LC,60.001259326934814,False,inf,[],,-167963.0
28,instancias/bqp500-2.txt,500,12778,Brute force,60.00083088874817,False,-3020.0,"[500, 496, 495, 493, 492, 491, 490, 489, 488]",0b10001101111110000000000000000000000000000000000000000000000000000000000000000000000000000000000000000000000000000000000000000000000000000000000000000000000000000000000000000000000000000000000000000000000000000000000000000000000000000000000000000000000000000000000000000000000000000000000000000000000000000000000000000000000000000000000000000000000000000000000000000000000000000000000000000000000000000000000000000000000000000000000000000000000000000000000000000000000000000000000000000000000000000000,112.0
29,instancias/bqp500-2.txt,500,12778,B&B FIFO,60.012622356414795,False,inf,[],,-660130.0
30,instancias/bqp500-2.txt,500,12778,B&B LIFO,60.00177478790283,False,-6101.0,"[500, 495, 493, 492, 491, 490, 488, 487, 486, 485, 484, 480, 477, 473, 471, 469, 468, 466, 465]",0b10000101111011111000100100010101101100000000000000000000000000000000000000000000000000000000000000000000000000000000000000000000000000000000000000000000000000000000000000000000000000000000000000000000000000000000000000000000000000000000000000000000000000000000000000000000000000000000000000000000000000000000000000000000000000000000000000000000000000000000000000000000000000000000000000000000000000000000000000000000000000000000000000000000000000000000000000000000000000000000000000000000000000000000,-6081.0
31,instancias/bqp500-2.txt,500,12778,B&B LC,60.00944447517395,False,inf,[],,-660771.0
32,instancias/bqp250-6.txt,250,3433,Brute force,60.0001118183136,False,-2117.0,"[247, 246, 245, 244, 243, 242, 241, 240, 236, 235]",0b1111111100011000000000000000000000000000000000000000000000000000000000000000000000000000000000000000000000000000000000000000000000000000000000000000000000000000000000000000000000000000000000000000000000000000000000000000000000000000000000000000000,210.0
33,instancias/bqp250-6.txt,250,3433,B&B FIFO,60.003196239471436,False,inf,[],,-166951.0
34,instancias/bqp250-6.txt,250,3433,B&B LIFO,60.000571727752686,False,-3997.0,"[247, 246, 245, 244, 243, 241, 240, 239, 236, 235, 233, 230, 229, 225, 220, 218, 216, 213]",0b1111101110011010011000100001010100100000000000000000000000000000000000000000000000000000000000000000000000000000000000000000000000000000000000000000000000000000000000000000000000000000000000000000000000000000000000000000000000000000000000000000000,-5378.0
35,instancias/bqp250-6.txt,250,3433,B&B LC,60.002456188201904,False,inf,[],,-167716.0
36,instancias/nl01-47.txt,30,340,Brute force,60.00005841255188,False,-62.0,"[28, 16]",0b1000000000001000000000000000,470.0
37,instancias/nl01-47.txt,30,340,B&B FIFO,60.000009298324585,False,inf,[],,843.0
38,instancias/nl01-47.txt,30,340,B&B LIFO,2.5677454471588135,True,-62.0,"[28, 16]",0b1000000000001000000000000000,-59.0
39,instancias/nl01-47.txt,30,340,B&B LC,2.66086745262146,True,-62.0,"[28, 14]",0b1000000000000010000000000000,-32.0
40,instancias/bqp50-8.txt,50,187,Brute force,60.000035762786865,False,-821.0,"[49, 48, 47, 46, 45, 44, 43, 40, 39, 38, 37, 34]",0b1111111001111001000000000000000000000000000000000,77.0
41,instancias/bqp50-8.txt,50,187,B&B FIFO,60.000004053115845,False,inf,[],,-4355.0
42,instancias/bqp50-8.txt,50,187,B&B LIFO,60.000075817108154,False,-1105.0,"[47, 46, 45, 39, 38, 34, 32, 31, 30, 22]",0b11100000110001011100000001000000000000000000000,-1162.0
43,instancias/bqp50-8.txt,50,187,B&B LC,60.00014138221741,False,inf,[],,-3615.0
44,instancias/bqp100-3.txt,100,590,Brute force,60.00007891654968,False,-261.0,"[100, 97, 94, 91, 88, 85]",0b1001001001001001000000000000000000000000000000000000000000000000000000000000000000000000000000000000,675.0
45,instancias/bqp100-3.txt,100,590,B&B FIFO,60.00026082992554,False,inf,[],,-21905.0
46,instancias/bqp100-3.txt,100,590,B&B LIFO,60.00008583068848,False,-1774.0,"[100, 96, 94, 92, 88, 83, 79, 77, 75, 73, 72, 67, 66, 64, 63, 57]",0b1000101010001000010001010101100001101100000100000000000000000000000000000000000000000000000000000000,-2260.0
47,instancias/bqp100-3.txt,100,590,B&B LC,60.00012159347534,False,inf,[],,-21899.0
48,instancias/bqp250-5.txt,250,3364,Brute force,60.000404596328735,False,-1188.0,"[249, 244, 239, 236]",0b100001000010010000000000000000000000000000000000000000000000000000000000000000000000000000000000000000000000000000000000000000000000000000000000000000000000000000000000000000000000000000000000000000000000000000000000000000000000000000000000000000000,377.0
49,instancias/bqp250-5.txt,250,3364,B&B FIFO,60.001933336257935,False,inf,[],,-164362.0
50,instancias/bqp250-5.txt,250,3364,B&B LIFO,60.00040864944458,False,-3049.0,"[249, 244, 240, 239, 233, 231, 228, 227, 226, 225, 222, 220, 219, 218]",0b100001000110000010100111100101110000000000000000000000000000000000000000000000000000000000000000000000000000000000000000000000000000000000000000000000000000000000000000000000000000000000000000000000000000000000000000000000000000000000000000000000000,-3532.0
51,instancias/bqp250-5.txt,250,3364,B&B LC,60.001627683639526,False,inf,[],,-165229.0
52,instancias/bqp500-7.txt,500,12907,Brute force,60.00195813179016,False,-1942.0,"[500, 499, 496, 494, 493, 490, 489, 488]",0b11001011001110000000000000000000000000000000000000000000000000000000000000000000000000000000000000000000000000000000000000000000000000000000000000000000000000000000000000000000000000000000000000000000000000000000000000000000000000000000000000000000000000000000000000000000000000000000000000000000000000000000000000000000000000000000000000000000000000000000000000000000000000000000000000000000000000000000000000000000000000000000000000000000000000000000000000000000000000000000000000000000000000000000,441.0
53,instancias/bqp500-7.txt,500,12907,B&B FIFO,60.00660014152527,False,inf,[],,-677650.0
54,instancias/bqp500-7.txt,500,12907,B&B LIFO,60.00191903114319,False,-6570.0,"[500, 499, 496, 494, 493, 490, 489, 488, 486, 485, 484, 483, 481, 480, 479, 474, 473, 469, 466]",0b11001011001110111101110000110001001000000000000000000000000000000000000000000000000000000000000000000000000000000000000000000000000000000000000000000000000000000000000000000000000000000000000000000000000000000000000000000000000000000000000000000000000000000000000000000000000000000000000000000000000000000000000000000000000000000000000000000000000000000000000000000000000000000000000000000000000000000000000000000000000000000000000000000000000000000000000000000000000000000000000000000000000000000000,-6299.0
55,instancias/bqp500-7.txt,500,12907,B&B LC,60.0062997341156,False,inf,[],,-678283.0
56,instancias/bqp50-5.txt,50,181,Brute force,60.00003480911255,False,-690.0,"[50, 49, 47, 46, 44, 40, 35, 31]",0b11011010001000010001000000000000000000000000000000,457.0
57,instancias/bqp50-5.txt,50,181,B&B FIFO,60.00002408027649,False,inf,[],,-4814.0
58,instancias/bqp50-5.txt,50,181,B&B LIFO,60.00006914138794,False,-1397.0,"[48, 47, 46, 44, 40, 35, 34, 30, 29, 28, 25, 24, 21]",0b111010001000011000111001100100000000000000000000,-1575.0
59,instancias/bqp50-5.txt,50,181,B&B LC,60.00011396408081,False,inf,[],,-4638.0
60,instancias/bqp250-7.txt,250,3337,Brute force,60.000208139419556,False,-1565.0,"[250, 249, 248, 247, 244, 243, 241, 236, 235]",0b1111001101000011000000000000000000000000000000000000000000000000000000000000000000000000000000000000000000000000000000000000000000000000000000000000000000000000000000000000000000000000000000000000000000000000000000000000000000000000000000000000000000,-529.0
61,instancias/bqp250-7.txt,250,3337,B&B FIFO,60.0018994808197,False,inf,[],,-163517.0
62,instancias/bqp250-7.txt,250,3337,B&B LIFO,60.00074052810669,False,-4165.0,"[250, 249, 247, 246, 238, 237, 236, 235, 233, 232, 230, 229, 226, 224, 223, 222, 221, 219, 216]",0b1101100000001111011011001011110100100000000000000000000000000000000000000000000000000000000000000000000000000000000000000000000000000000000000000000000000000000000000000000000000000000000000000000000000000000000000000000000000000000000000000000000000,-4293.0
63,instancias/bqp250-7.txt,250,3337,B&B LC,60.00034785270691,False,inf,[],,-163007.0
64,instancias/nl01-43.txt,30,351,Brute force,60.00002694129944,False,-62.0,"[26, 20]",0b10000010000000000000000000,2580.0
65,instancias/nl01-43.txt,30,351,B&B FIFO,60.00001859664917,False,inf,[],,1224.0
66,instancias/nl01-43.txt,30,351,B&B LIFO,2.151292562484741,True,-62.0,"[26, 20]",0b10000010000000000000000000,-57.0
67,instancias/nl01-43.txt,30,351,B&B LC,2.250581741333008,True,-62.0,"[18, 7]",0b100000000001000000,-62.0
68,instancias/nl01-50.txt,30,326,Brute force,60.00002431869507,False,-62.0,"[18, 10]",0b100000001000000000,127.0
69,instancias/nl01-50.txt,30,326,B&B FIFO,60.00006604194641,False,inf,[],,289.0
70,instancias/nl01-50.txt,30,326,B&B LIFO,1.1497297286987305,True,-62.0,"[18, 10]",0b100000001000000000,-58.0
71,instancias/nl01-50.txt,30,326,B&B LC,1.163968801498413,True,-62.0,"[18, 10]",0b100000001000000000,-31.0
72,instancias/nl01-44.txt,30,342,Brute force,60.00003266334534,False,-62.0,"[26, 20]",0b10000010000000000000000000,809.0
73,instancias/nl01-44.txt,30,342,B&B FIFO,60.000032901763916,False,inf,[],,810.0
74,instancias/nl01-44.txt,30,342,B&B LIFO,1.6649560928344727,True,-62.0,"[26, 20]",0b10000010000000000000000000,-60.0
75,instancias/nl01-44.txt,30,342,B&B LC,1.7366468906402588,True,-62.0,"[18, 7]",0b100000000001000000,-62.0
76,instancias/nl01-45.txt,30,350,Brute force,60.00002980232239,False,-62.0,"[26, 14]",0b10000000000010000000000000,851.0
77,instancias/nl01-45.txt,30,350,B&B FIFO,60.000083446502686,False,inf,[],,1250.0
78,instancias/nl01-45.txt,30,350,B&B LIFO,0.9922006130218506,True,-62.0,"[26, 14]",0b10000000000010000000000000,-60.0
79,instancias/nl01-45.txt,30,350,B&B LC,1.0305423736572266,True,-62.0,"[18, 7]",0b100000000001000000,-62.0
80,instancias/bqp100-10.txt,100,584,Brute force,60.00004267692566,False,-1101.0,"[100, 99, 95, 92, 90, 81]",0b1100010010100000000100000000000000000000000000000000000000000000000000000000000000000000000000000000,-219.0
81,instancias/bqp100-10.txt,100,584,B&B FIFO,60.000059604644775,False,inf,[],,-23397.0
82,instancias/bqp100-10.txt,100,584,B&B LIFO,60.00002074241638,False,-1402.0,"[100, 95, 90, 81, 75, 68]",0b1000010000100000000100000100000010000000000000000000000000000000000000000000000000000000000000000000,-1451.0
83,instancias/bqp100-10.txt,100,584,B&B LC,60.00000476837158,False,inf,[],,-22962.0
84,instancias/bqp100-2.txt,100,582,Brute force,60.00002861022949,False,-1712.0,"[100, 99, 98, 95, 91, 89, 87, 86, 83]",0b1110010001010110010000000000000000000000000000000000000000000000000000000000000000000000000000000000,54.0
85,instancias/bqp100-2.txt,100,582,B&B FIFO,60.000035762786865,False,inf,[],,-22108.0
86,instancias/bqp100-2.txt,100,582,B&B LIFO,60.00003218650818,False,-2847.0,"[99, 98, 95, 89, 87, 86, 83, 80, 79, 78, 75, 72, 70, 68, 62]",0b110010000010110010011100100101010000010000000000000000000000000000000000000000000000000000000000000,-2854.0
87,instancias/bqp100-2.txt,100,582,B&B LC,60.00009512901306,False,inf,[],,-21598.0
88,instancias/bqp500-9.txt,500,12857,Brute force,60.00018930435181,False,-2442.0,"[499, 498, 496, 495, 492, 490, 489]",0b1101100101100000000000000000000000000000000000000000000000000000000000000000000000000000000000000000000000000000000000000000000000000000000000000000000000000000000000000000000000000000000000000000000000000000000000000000000000000000000000000000000000000000000000000000000000000000000000000000000000000000000000000000000000000000000000000000000000000000000000000000000000000000000000000000000000000000000000000000000000000000000000000000000000000000000000000000000000000000000000000000000000000000000,-1022.0
89,instancias/bqp500-9.txt,500,12857,B&B FIFO,60.005505323410034,False,inf,[],,-663442.0
90,instancias/bqp500-9.txt,500,12857,B&B LIFO,60.00102710723877,False,-3697.0,"[499, 498, 496, 495, 492, 490, 489, 485, 484, 483, 482, 479, 477, 475, 471, 470]",0b1101100101100011110010101000110000000000000000000000000000000000000000000000000000000000000000000000000000000000000000000000000000000000000000000000000000000000000000000000000000000000000000000000000000000000000000000000000000000000000000000000000000000000000000000000000000000000000000000000000000000000000000000000000000000000000000000000000000000000000000000000000000000000000000000000000000000000000000000000000000000000000000000000000000000000000000000000000000000000000000000000000000000000000,-4065.0
91,instancias/bqp500-9.txt,500,12857,B&B LC,60.001784563064575,False,inf,[],,-663921.0
92,instancias/very_small.txt,5,5,Brute force,0.000152587890625,True,-2.0,"[4, 2]",0b1010,1.0
93,instancias/very_small.txt,5,5,B&B FIFO,0.0001308917999267578,True,-2.0,"[4, 2]",0b1010,-2.0
94,instancias/very_small.txt,5,5,B&B LIFO,4.696846008300781e-05,True,-2.0,"[4, 2]",0b1010,-2.0
95,instancias/very_small.txt,5,5,B&B LC,3.266334533691406e-05,True,-2.0,"[4, 2]",0b1010,-2.0
96,instancias/bqp50-9.txt,50,172,Brute force,60.00001859664917,False,-1052.0,"[47, 44, 42, 39, 38, 34, 31]",0b10010100110001001000000000000000000000000000000,-423.0
97,instancias/bqp50-9.txt,50,172,B&B FIFO,60.00003910064697,False,inf,[],,-4097.0
98,instancias/bqp50-9.txt,50,172,B&B LIFO,60.00003910064697,False,-1418.0,"[47, 44, 42, 39, 38, 31, 22, 19, 18, 16]",0b10010100110000001000000001001101000000000000000,-1437.0
99,instancias/bqp50-9.txt,50,172,B&B LC,60.00001287460327,False,inf,[],,-4053.0
100,instancias/small.txt,10,10,Brute force,0.015303373336791992,True,-62.0,"[10, 8, 6]",0b1010100000,153.0
101,instancias/small.txt,10,10,B&B FIFO,0.0066416263580322266,True,-62.0,"[10, 8, 6]",0b1010100000,-62.0
102,instancias/small.txt,10,10,B&B LIFO,0.00011324882507324219,True,-62.0,"[10, 8, 6]",0b1010100000,-62.0
103,instancias/small.txt,10,10,B&B LC,8.869171142578125e-05,True,-62.0,"[10, 8, 6]",0b1010100000,-62.0
104,instancias/bqp250-2.txt,250,3285,Brute force,60.000046253204346,False,-1603.0,"[247, 246, 243, 241, 240, 238, 235, 234]",0b1100101101001100000000000000000000000000000000000000000000000000000000000000000000000000000000000000000000000000000000000000000000000000000000000000000000000000000000000000000000000000000000000000000000000000000000000000000000000000000000000000000,346.0
105,instancias/bqp250-2.txt,250,3285,B&B FIFO,60.00052189826965,False,inf,[],,-165687.0
106,instancias/bqp250-2.txt,250,3285,B&B LIFO,60.000173568725586,False,-4195.0,"[247, 246, 243, 241, 240, 234, 233, 232, 228, 227, 226, 224, 223, 221, 219, 217, 216]",0b1100101100000111000111011010101100000000000000000000000000000000000000000000000000000000000000000000000000000000000000000000000000000000000000000000000000000000000000000000000000000000000000000000000000000000000000000000000000000000000000000000000,-4182.0
107,instancias/bqp250-2.txt,250,3285,B&B LC,60.00022077560425,False,inf,[],,-165721.0
108,instancias/bqp50-4.txt,50,160,Brute force,60.00002908706665,False,-832.0,"[49, 45, 43, 41, 39, 38, 36, 34, 31]",0b1000101010110101001000000000000000000000000000000,546.0
109,instancias/bqp50-4.txt,50,160,B&B FIFO,60.000036001205444,False,inf,[],,-2587.0
110,instancias/bqp50-4.txt,50,160,B&B LIFO,60.000056743621826,False,-1677.0,"[49, 45, 41, 39, 38, 36, 34, 31, 25, 24, 23, 22, 21, 20, 17, 16, 15, 11, 10]",0b1000100010110101001000001111110011100011000000000,-1761.0
111,instancias/bqp50-4.txt,50,160,B&B LC,60.000014543533325,False,inf,[],,-2938.0
112,instancias/bqp250-9.txt,250,3395,Brute force,60.000186920166016,False,-1604.0,"[249, 248, 243, 242, 239, 236, 235]",0b110000110010011000000000000000000000000000000000000000000000000000000000000000000000000000000000000000000000000000000000000000000000000000000000000000000000000000000000000000000000000000000000000000000000000000000000000000000000000000000000000000000,-441.0
113,instancias/bqp250-9.txt,250,3395,B&B FIFO,60.001412868499756,False,inf,[],,-168885.0
114,instancias/bqp250-9.txt,250,3395,B&B LIFO,60.00014281272888,False,-3028.0,"[248, 243, 242, 239, 235, 232, 230, 226, 225, 224, 220, 218, 214]",0b10000110010001001010001110001010001000000000000000000000000000000000000000000000000000000000000000000000000000000000000000000000000000000000000000000000000000000000000000000000000000000000000000000000000000000000000000000000000000000000000000000000,-3133.0
115,instancias/bqp250-9.txt,250,3395,B&B LC,60.00100040435791,False,inf,[],,-169837.0
116,instancias/bqp50-10.txt,50,158,Brute force,60.000025510787964,False,-806.0,"[46, 45, 44, 43, 41, 40, 39, 38, 34, 33, 31]",0b1111011110001101000000000000000000000000000000,-41.0
117,instancias/bqp50-10.txt,50,158,B&B FIFO,60.00000977516174,False,inf,[],,-2586.0
118,instancias/bqp50-10.txt,50,158,B&B LIFO,60.00002980232239,False,-1103.0,"[46, 45, 44, 43, 42, 40, 39, 38, 36, 34, 33, 31, 26, 25, 23, 22, 21, 19, 18]",0b1111101110101101000011011101100000000000000000,-1080.0
119,instancias/bqp50-10.txt,50,158,B&B LC,60.00000882148743,False,inf,[],,-2931.0
120,instancias/bqp50-3.txt,50,182,Brute force,60.000025510787964,False,-894.0,"[49, 45, 44, 41, 40, 39, 36, 30]",0b1000110011100100000100000000000000000000000000000,-15.0
121,instancias/bqp50-3.txt,50,182,B&B FIFO,60.00001120567322,False,inf,[],,-3204.0
122,instancias/bqp50-3.txt,50,182,B&B LIFO,60.0000262260437,False,-1327.0,"[49, 45, 44, 42, 41, 40, 39, 36, 26, 25, 20, 15]",0b1000110111100100000000011000010000100000000000000,-1695.0
123,instancias/bqp50-3.txt,50,182,B&B LC,60.00006151199341,False,inf,[],,-2898.0
124,instancias/bqp500-1.txt,500,12871,Brute force,60.0013542175293,False,-2964.0,"[500, 499, 497, 495, 493, 492, 491, 490, 489, 488, 486]",0b11010101111110100000000000000000000000000000000000000000000000000000000000000000000000000000000000000000000000000000000000000000000000000000000000000000000000000000000000000000000000000000000000000000000000000000000000000000000000000000000000000000000000000000000000000000000000000000000000000000000000000000000000000000000000000000000000000000000000000000000000000000000000000000000000000000000000000000000000000000000000000000000000000000000000000000000000000000000000000000000000000000000000000000,-1491.0
125,instancias/bqp500-1.txt,500,12871,B&B FIFO,60.00119066238403,False,inf,[],,-660692.0
126,instancias/bqp500-1.txt,500,12871,B&B LIFO,60.000624656677246,False,-8049.0,"[500, 499, 497, 495, 493, 492, 491, 490, 489, 488, 486, 485, 483, 482, 481, 480, 479, 478, 477, 475, 473, 471, 468]",0b11010101111110110111111101010100100000000000000000000000000000000000000000000000000000000000000000000000000000000000000000000000000000000000000000000000000000000000000000000000000000000000000000000000000000000000000000000000000000000000000000000000000000000000000000000000000000000000000000000000000000000000000000000000000000000000000000000000000000000000000000000000000000000000000000000000000000000000000000000000000000000000000000000000000000000000000000000000000000000000000000000000000000000000,-7360.0
127,instancias/bqp500-1.txt,500,12871,B&B LC,60.00334715843201,False,inf,[],,-662397.0
128,instancias/bqp500-3.txt,500,13021,Brute force,60.0004186630249,False,-1666.0,"[500, 499, 493, 492, 490, 489, 486]",0b11000001101100100000000000000000000000000000000000000000000000000000000000000000000000000000000000000000000000000000000000000000000000000000000000000000000000000000000000000000000000000000000000000000000000000000000000000000000000000000000000000000000000000000000000000000000000000000000000000000000000000000000000000000000000000000000000000000000000000000000000000000000000000000000000000000000000000000000000000000000000000000000000000000000000000000000000000000000000000000000000000000000000000000,1336.0
129,instancias/bqp500-3.txt,500,13021,B&B FIFO,60.001052141189575,False,inf,[],,-668723.0
130,instancias/bqp500-3.txt,500,13021,B&B LIFO,60.000683069229126,False,-2756.0,"[500, 493, 492, 490, 489, 484, 481, 474, 472, 470, 465]",0b10000001101100001001000000101010000100000000000000000000000000000000000000000000000000000000000000000000000000000000000000000000000000000000000000000000000000000000000000000000000000000000000000000000000000000000000000000000000000000000000000000000000000000000000000000000000000000000000000000000000000000000000000000000000000000000000000000000000000000000000000000000000000000000000000000000000000000000000000000000000000000000000000000000000000000000000000000000000000000000000000000000000000000000,-2580.0
131,instancias/bqp500-3.txt,500,13021,B&B LC,60.00361680984497,False,inf,[],,-670273.0
132,instancias/bqp500-4.txt,500,12779,Brute force,60.00098657608032,False,-2061.0,"[500, 499, 498, 496, 494, 493, 488, 487]",0b11101011000011000000000000000000000000000000000000000000000000000000000000000000000000000000000000000000000000000000000000000000000000000000000000000000000000000000000000000000000000000000000000000000000000000000000000000000000000000000000000000000000000000000000000000000000000000000000000000000000000000000000000000000000000000000000000000000000000000000000000000000000000000000000000000000000000000000000000000000000000000000000000000000000000000000000000000000000000000000000000000000000000000000,-1008.0
133,instancias/bqp500-4.txt,500,12779,B&B FIFO,60.00454378128052,False,inf,[],,-652728.0
134,instancias/bqp500-4.txt,500,12779,B&B LIFO,60.00051689147949,False,-4414.0,"[500, 498, 494, 493, 487, 480, 479, 478, 477, 474, 473, 472, 466]",0b10100011000001000000111100111000001000000000000000000000000000000000000000000000000000000000000000000000000000000000000000000000000000000000000000000000000000000000000000000000000000000000000000000000000000000000000000000000000000000000000000000000000000000000000000000000000000000000000000000000000000000000000000000000000000000000000000000000000000000000000000000000000000000000000000000000000000000000000000000000000000000000000000000000000000000000000000000000000000000000000000000000000000000000,-4684.0
135,instancias/bqp500-4.txt,500,12779,B&B LC,60.006067752838135,False,inf,[],,-655202.0
136,instancias/bqp100-4.txt,100,575,Brute force,60.000059366226196,False,-1516.0,"[99, 98, 95, 94, 93, 91, 90, 87, 86, 85, 84, 82]",0b110011101100111101000000000000000000000000000000000000000000000000000000000000000000000000000000000,-548.0
137,instancias/bqp100-4.txt,100,575,B&B FIFO,60.00019097328186,False,inf,[],,-20708.0
138,instancias/bqp100-4.txt,100,575,B&B LIFO,60.00008463859558,False,-2632.0,"[99, 98, 95, 93, 91, 90, 89, 87, 82, 78, 77, 75, 73, 71, 70, 68, 67, 66]",0b110010101110100001000110101011011100000000000000000000000000000000000000000000000000000000000000000,-2369.0
139,instancias/bqp100-4.txt,100,575,B&B LC,60.00004458427429,False,inf,[],,-20900.0
140,instancias/nl01-41.txt,30,359,Brute force,60.00002336502075,False,-62.0,"[26, 20]",0b10000010000000000000000000,1089.0
141,instancias/nl01-41.txt,30,359,B&B FIFO,60.00004482269287,False,inf,[],,775.0
142,instancias/nl01-41.txt,30,359,B&B LIFO,1.8889517784118652,True,-62.0,"[26, 20]",0b10000010000000000000000000,-57.0
143,instancias/nl01-41.txt,30,359,B&B LC,1.9526360034942627,True,-62.0,"[11, 9]",0b10100000000,-62.0
144,instancias/bqp50-2.txt,50,169,Brute force,60.0000376701355,False,-1044.0,"[50, 49, 48, 47, 46, 45, 44, 41, 40, 38, 36, 34, 33, 30]",0b11111110011010101100100000000000000000000000000000,-256.0
145,instancias/bqp50-2.txt,50,169,B&B FIFO,60.00003147125244,False,inf,[],,-3625.0
146,instancias/bqp50-2.txt,50,169,B&B LIFO,60.0000274181366,False,-1337.0,"[48, 47, 46, 45, 44, 39, 37, 35, 30, 24, 21, 19]",0b111110000101010000100000100101000000000000000000,-1236.0
147,instancias/bqp50-2.txt,50,169,B&B LC,60.00003361701965,False,inf,[],,-3930.0
148,instancias/bqp50-6.txt,50,148,Brute force,60.00002360343933,False,-680.0,"[49, 45, 42, 38, 37, 36, 35, 34, 32, 31, 30]",0b1000100100011111011100000000000000000000000000000,215.0
149,instancias/bqp50-6.txt,50,148,B&B FIFO,60.000035524368286,False,inf,[],,-3647.0
150,instancias/bqp50-6.txt,50,148,B&B LIFO,60.00003385543823,False,-1075.0,"[47, 42, 38, 37, 34, 31, 27, 24, 23, 19, 15, 14]",0b10000100011001001000100110001000110000000000000,-1236.0
151,instancias/bqp50-6.txt,50,148,B&B LC,60.00005388259888,False,inf,[],,-3784.0
152,instancias/bqp100-6.txt,100,610,Brute force,60.00002980232239,False,-1243.0,"[100, 99, 95, 94, 93, 92, 90, 89, 87, 86]",0b1100011110110110000000000000000000000000000000000000000000000000000000000000000000000000000000000000,57.0
153,instancias/bqp100-6.txt,100,610,B&B FIFO,60.00012707710266,False,inf,[],,-21951.0
154,instancias/bqp100-6.txt,100,610,B&B LIFO,60.000059604644775,False,-1281.0,"[100, 99, 95, 94, 93, 90, 89, 87, 86, 79]",0b1100011100110110000001000000000000000000000000000000000000000000000000000000000000000000000000000000,-954.0
155,instancias/bqp100-6.txt,100,610,B&B LC,60.00017786026001,False,inf,[],,-22596.0
156,instancias/bqp100-1.txt,100,563,Brute force,60.00005269050598,False,-1531.0,"[99, 98, 97, 96, 95, 94, 92, 91, 90, 89, 88, 87, 86, 81]",0b111111011111110000100000000000000000000000000000000000000000000000000000000000000000000000000000000,-415.0
157,instancias/bqp100-1.txt,100,563,B&B FIFO,60.000064849853516,False,inf,[],,-19781.0
158,instancias/bqp100-1.txt,100,563,B&B LIFO,60.00007677078247,False,-2846.0,"[100, 98, 97, 95, 94, 91, 90, 89, 88, 87, 86, 84, 82, 81, 80, 78, 77, 74, 73, 72, 70]",0b1011011001111110101110110011101000000000000000000000000000000000000000000000000000000000000000000000,-2775.0
159,instancias/bqp100-1.txt,100,563,B&B LC,60.000179290771484,False,inf,[],,-20223.0
160,instancias/bqp100-8.txt,100,591,Brute force,60.000038146972656,False,-1280.0,"[100, 93, 92, 88, 87, 86, 85, 84, 83, 82]",0b1000000110001111111000000000000000000000000000000000000000000000000000000000000000000000000000000000,-102.0
161,instancias/bqp100-8.txt,100,591,B&B FIFO,60.00008845329285,False,inf,[],,-24821.0
162,instancias/bqp100-8.txt,100,591,B&B LIFO,60.000120878219604,False,-3052.0,"[100, 92, 90, 88, 87, 86, 85, 84, 83, 82, 79, 77, 74, 71, 70, 69, 68, 67, 66]",0b1000000010101111111001010010011111100000000000000000000000000000000000000000000000000000000000000000,-2967.0
163,instancias/bqp100-8.txt,100,591,B&B LC,60.00006127357483,False,inf,[],,-24523.0
164,instancias/bqp500-6.txt,500,12816,Brute force,60.001535415649414,False,-752.0,"[498, 495, 493, 489]",0b100101000100000000000000000000000000000000000000000000000000000000000000000000000000000000000000000000000000000000000000000000000000000000000000000000000000000000000000000000000000000000000000000000000000000000000000000000000000000000000000000000000000000000000000000000000000000000000000000000000000000000000000000000000000000000000000000000000000000000000000000000000000000000000000000000000000000000000000000000000000000000000000000000000000000000000000000000000000000000000000000000000000000000,1620.0
165,instancias/bqp500-6.txt,500,12816,B&B FIFO,60.011138916015625,False,inf,[],,-666239.0
166,instancias/bqp500-6.txt,500,12816,B&B LIFO,60.00078463554382,False,-3365.0,"[498, 495, 493, 489, 486, 485, 483, 482, 477, 472, 471, 469]",0b100101000100110110000100001101000000000000000000000000000000000000000000000000000000000000000000000000000000000000000000000000000000000000000000000000000000000000000000000000000000000000000000000000000000000000000000000000000000000000000000000000000000000000000000000000000000000000000000000000000000000000000000000000000000000000000000000000000000000000000000000000000000000000000000000000000000000000000000000000000000000000000000000000000000000000000000000000000000000000000000000000000000000000,-3527.0
167,instancias/bqp500-6.txt,500,12816,B&B LC,60.00724244117737,False,inf,[],,-668010.0
168,instancias/bqp100-5.txt,100,558,Brute force,60.000083684921265,False,-1185.0,"[99, 98, 97, 96, 95, 90, 87, 86, 84]",0b111110000100110100000000000000000000000000000000000000000000000000000000000000000000000000000000000,-80.0
169,instancias/bqp100-5.txt,100,558,B&B FIFO,60.00022506713867,False,inf,[],,-21450.0
170,instancias/bqp100-5.txt,100,558,B&B LIFO,60.000125885009766,False,-2754.0,"[98, 97, 96, 95, 92, 90, 87, 86, 84, 81, 79, 77, 75, 71, 69, 65, 62]",0b11110010100110100101010100010100010010000000000000000000000000000000000000000000000000000000000000,-2838.0
171,instancias/bqp100-5.txt,100,558,B&B LC,60.000211238861084,False,inf,[],,-20486.0
172,instancias/nl01-40.txt,30,346,Brute force,60.000054121017456,False,-62.0,"[26, 20]",0b10000010000000000000000000,1959.0
173,instancias/nl01-40.txt,30,346,B&B FIFO,60.000065326690674,False,inf,[],,1370.0
174,instancias/nl01-40.txt,30,346,B&B LIFO,2.8738250732421875,True,-62.0,"[26, 20]",0b10000010000000000000000000,-60.0
175,instancias/nl01-40.txt,30,346,B&B LC,2.9744019508361816,True,-62.0,"[8, 6]",0b10100000,-62.0
176,instancias/bqp500-5.txt,500,12830,Brute force,60.00040102005005,False,-1527.0,"[498, 495, 494, 492, 487]",0b100110100001000000000000000000000000000000000000000000000000000000000000000000000000000000000000000000000000000000000000000000000000000000000000000000000000000000000000000000000000000000000000000000000000000000000000000000000000000000000000000000000000000000000000000000000000000000000000000000000000000000000000000000000000000000000000000000000000000000000000000000000000000000000000000000000000000000000000000000000000000000000000000000000000000000000000000000000000000000000000000000000000000000,1405.0
177,instancias/bqp500-5.txt,500,12830,B&B FIFO,60.01168465614319,False,inf,[],,-669833.0
178,instancias/bqp500-5.txt,500,12830,B&B LIFO,60.00129795074463,False,-2915.0,"[498, 495, 494, 492, 488, 487, 485, 484, 483, 476, 475, 473]",0b100110100011011100000011010000000000000000000000000000000000000000000000000000000000000000000000000000000000000000000000000000000000000000000000000000000000000000000000000000000000000000000000000000000000000000000000000000000000000000000000000000000000000000000000000000000000000000000000000000000000000000000000000000000000000000000000000000000000000000000000000000000000000000000000000000000000000000000000000000000000000000000000000000000000000000000000000000000000000000000000000000000000000000,-3202.0
179,instancias/bqp500-5.txt,500,12830,B&B LC,60.00937604904175,False,inf,[],,-671801.0
180,instancias/nl01-49.txt,30,326,Brute force,60.000025272369385,False,-31.0,[27],0b100000000000000000000000000,408.0
181,instancias/nl01-49.txt,30,326,B&B FIFO,60.00014328956604,False,inf,[],,1033.0
182,instancias/nl01-49.txt,30,326,B&B LIFO,1.997150182723999,True,-62.0,"[23, 7]",0b10000000000000001000000,-60.0
183,instancias/nl01-49.txt,30,326,B&B LC,1.6800503730773926,True,-62.0,"[23, 7]",0b10000000000000001000000,-31.0
184,instancias/bqp100-9.txt,100,602,Brute force,60.000112771987915,False,-905.0,"[100, 98, 97, 95, 94, 91, 87, 83]",0b1011011001000100010000000000000000000000000000000000000000000000000000000000000000000000000000000000,899.0
185,instancias/bqp100-9.txt,100,602,B&B FIFO,60.00011205673218,False,inf,[],,-23777.0
186,instancias/bqp100-9.txt,100,602,B&B LIFO,60.000113010406494,False,-2341.0,"[100, 98, 97, 94, 91, 90, 87, 83, 82, 70, 69, 65, 64, 63]",0b1011001001100100011000000000001100011100000000000000000000000000000000000000000000000000000000000000,-2380.0
187,instancias/bqp100-9.txt,100,602,B&B LC,60.00014925003052,False,inf,[],,-23968.0
188,instancias/bqp250-4.txt,250,3397,Brute force,60.00013852119446,False,-2198.0,"[250, 249, 247, 243, 240, 236, 235]",0b1101000100100011000000000000000000000000000000000000000000000000000000000000000000000000000000000000000000000000000000000000000000000000000000000000000000000000000000000000000000000000000000000000000000000000000000000000000000000000000000000000000000,-850.0
189,instancias/bqp250-4.txt,250,3397,B&B FIFO,60.0022873878479,False,inf,[],,-165460.0
190,instancias/bqp250-4.txt,250,3397,B&B LIFO,60.000579595565796,False,-6840.0,"[250, 247, 246, 245, 243, 240, 236, 235, 233, 232, 231, 229, 228, 227, 225, 223, 218, 217, 216, 215, 213, 211, 208, 207]",0b1001110100100011011101110101000011110101001100000000000000000000000000000000000000000000000000000000000000000000000000000000000000000000000000000000000000000000000000000000000000000000000000000000000000000000000000000000000000000000000000000000000000,-6796.0
191,instancias/bqp250-4.txt,250,3397,B&B LC,60.00433897972107,False,inf,[],,-165655.0
192,instancias/nl01-51.txt,30,312,Brute force,60.00005221366882,False,-93.0,"[30, 22, 20]",0b100000001010000000000000000000,1188.0
193,instancias/nl01-51.txt,30,312,B&B FIFO,60.00005531311035,False,inf,[],,191.0
194,instancias/nl01-51.txt,30,312,B&B LIFO,1.710212230682373,True,-93.0,"[30, 22, 20]",0b100000001010000000000000000000,-62.0
195,instancias/nl01-51.txt,30,312,B&B LC,1.7706959247589111,True,-93.0,"[30, 22, 20]",0b100000001010000000000000000000,-93.0
196,instancias/bqp250-10.txt,250,3294,Brute force,60.00014853477478,False,-2197.0,"[250, 248, 247, 245, 238, 236, 235]",0b1011010000001011000000000000000000000000000000000000000000000000000000000000000000000000000000000000000000000000000000000000000000000000000000000000000000000000000000000000000000000000000000000000000000000000000000000000000000000000000000000000000000,-1029.0
197,instancias/bqp250-10.txt,250,3294,B&B FIFO,60.002880334854126,False,inf,[],,-161226.0
198,instancias/bqp250-10.txt,250,3294,B&B LIFO,60.000712871551514,False,-3993.0,"[250, 248, 247, 245, 238, 237, 236, 235, 232, 231, 220]",0b1011010000001111001100000000001000000000000000000000000000000000000000000000000000000000000000000000000000000000000000000000000000000000000000000000000000000000000000000000000000000000000000000000000000000000000000000000000000000000000000000000000000,-4088.0
199,instancias/bqp250-10.txt,250,3294,B&B LC,60.001803398132324,False,inf,[],,-161269.0
200,instancias/bqp250-8.txt,250,3265,Brute force,60.000511169433594,False,-1889.0,"[250, 245, 244, 243, 242, 239, 235]",0b1000011110010001000000000000000000000000000000000000000000000000000000000000000000000000000000000000000000000000000000000000000000000000000000000000000000000000000000000000000000000000000000000000000000000000000000000000000000000000000000000000000000,-739.0
201,instancias/bqp250-8.txt,250,3265,B&B FIFO,60.0030882358551,False,inf,[],,-162141.0
202,instancias/bqp250-8.txt,250,3265,B&B LIFO,60.0006787776947,False,-4822.0,"[250, 245, 244, 243, 242, 239, 238, 235, 233, 232, 231, 230, 228, 225, 224, 223, 221, 219, 218, 217, 214]",0b1000011110011001011110100111010111001000000000000000000000000000000000000000000000000000000000000000000000000000000000000000000000000000000000000000000000000000000000000000000000000000000000000000000000000000000000000000000000000000000000000000000000,-4255.0
203,instancias/bqp250-8.txt,250,3265,B&B LC,60.002227783203125,False,inf,[],,-160769.0
204,instancias/nl01-48.txt,30,318,Brute force,60.000088691711426,False,-63.0,"[30, 20, 17]",0b100000000010010000000000000000,94.0
205,instancias/nl01-48.txt,30,318,B&B FIFO,60.000060081481934,False,inf,[],,283.0
206,instancias/nl01-48.txt,30,318,B&B LIFO,1.3092730045318604,True,-63.0,"[30, 20, 17]",0b100000000010010000000000000000,-61.0
207,instancias/nl01-48.txt,30,318,B&B LC,1.3517329692840576,True,-63.0,"[30, 20, 17]",0b100000000010010000000000000000,-63.0
208,instancias/bqp250-3.txt,250,3313,Brute force,60.00043177604675,False,-1766.0,"[248, 247, 245, 242, 240, 239, 237, 235]",0b11010010110101000000000000000000000000000000000000000000000000000000000000000000000000000000000000000000000000000000000000000000000000000000000000000000000000000000000000000000000000000000000000000000000000000000000000000000000000000000000000000000,-333.0
209,instancias/bqp250-3.txt,250,3313,B&B FIFO,60.000080823898315,False,inf,[],,-161259.0
210,instancias/bqp250-3.txt,250,3313,B&B LIFO,60.000155210494995,False,-2834.0,"[247, 242, 240, 239, 237, 231, 230, 228, 226, 223, 221, 216]",0b1000010110100000110101001010000100000000000000000000000000000000000000000000000000000000000000000000000000000000000000000000000000000000000000000000000000000000000000000000000000000000000000000000000000000000000000000000000000000000000000000000000,-2840.0
211,instancias/bqp250-3.txt,250,3313,B&B LC,60.00288152694702,False,inf,[],,-162373.0
212,instancias/nl01-42.txt,30,359,Brute force,60.000079870224,False,-62.0,"[26, 20]",0b10000010000000000000000000,867.0
213,instancias/nl01-42.txt,30,359,B&B FIFO,60.00011229515076,False,inf,[],,966.0
214,instancias/nl01-42.txt,30,359,B&B LIFO,5.45564341545105,True,-62.0,"[26, 20]",0b10000010000000000000000000,-57.0
215,instancias/nl01-42.txt,30,359,B&B LC,5.647127389907837,True,-62.0,"[18, 7]",0b100000000001000000,-62.0
